Facilities,,,,,,,,,,,,,,,,,,,,,,,,,,,,,,,,,,,,,,,,,,,,,,,,,,,
facility_id,name,phone,facility_type,street_address,street_address_2,city,state,full_state,zip,latitude,longitude,facility_url,city_url,state_url,lowest_price,units_available,admin_fee,lock_fee,total_fees,rating,review_count,google_rating,google_review_count,special_offer,military_discount_pct,student_discount_pct,senior_discount_pct,aaa_discount,has_climate_controlled_units,hour_24_access,elevator,surveillance,fenced_lighted,egate_access,truck_access,truck_rental,free_truck_rental,handcarts,online_move_in,contactless_move_in,is_open_now,in_network,corporation_id,search_rank,distance_mi,image_count,first_image_url,office_hours,description,source_page,scraped_at
,,,,,,,,,,,,,,,,,,,,,,,,,,,,,,,,,,,,,,,,,,,,,,,,,,,
,,,,,,,,,,,,,,,,,,,,,,,,,,,,,,,,,,,,,,,,,,,,,,,,,,,
Units,,,,,,,,,,,,,,,,,,,,,,,,,,,,,,,,,,,,,,,,,,,,,,,,,,,
unit_id,facility_id,facility_name,city,state,size,width_ft,length_ft,square_footage,unit_type,price,regular_price,discount_amount,discount_pct,special,amenities,quantity_available,vehicle_accommodation,reserve_url,scraped_at,,,,,,,,,,,,,,,,,,,,,,,,,,,,,,,,
,,,,,,,,,,,,,,,,,,,,,,,,,,,,,,,,,,,,,,,,,,,,,,,,,,,
,,,,,,,,,,,,,,,,,,,,,,,,,,,,,,,,,,,,,,,,,,,,,,,,,,,
,,,,,,,,,,,,,,,,,,,,,,,,,,,,,,,,,,,,,,,,,,,,,,,,,,,
,,,,,,,,,,,,,,,,,,,,,,,,,,,,,,,,,,,,,,,,,,,,,,,,,,,
,,,,,,,,,,,,,,,,,,,,,,,,,,,,,,,,,,,,,,,,,,,,,,,,,,,
,,,,,,,,,,,,,,,,,,,,,,,,,,,,,,,,,,,,,,,,,,,,,,,,,,,
,,,,,,,,,,,,,,,,,,,,,,,,,,,,,,,,,,,,,,,,,,,,,,,,,,,
,,,,,,,,,,,,,,,,,,,,,,,,,,,,,,,,,,,,,,,,,,,,,,,,,,,
,,,,,,,,,,,,,,,,,,,,,,,,,,,,,,,,,,,,,,,,,,,,,,,,,,,
,"ARRAYFORMULA(IF(Units!A:A="""", """", {Units!A:T, IFERROR(VLOOKUP(Units!B:B, Facilities!A:AZ, SEQUENCE(1, COLUMNS(Facilities!B:AZ), 2), 0))}))",,,,,,,,,,,,,,,,,,,,,,,,,,,,,,,,,,,,,,,,,,,,,,,,,,
,,,,,,,,,,,,,,,,,,,,,,,,,,,,,,,,,,,,,,,,,,,,,,,,,,,
,,,,,,,,,,,,,,,,,,,,,,,,,,,,,,,,,,,,,,,,,,,,,,,,,,,
,"ARRAYFORMULA(IF(Units!A:A="""", """", {Units!A:T, IFERROR(VLOOKUP(Units!B:B, Facilities!A:AZ, SEQUENCE(1, COLUMNS(Facilities!B:AZ), 2), 0))}))",,,,,,,,,,,,,,,,,,,,,,,,,,,,,,,,,,,,,,,,,,,,,,,,,,